{"meta": {"rows": 3, "source": "tidb"}, "data": [{"model": "logistic_regression", "with_hardship_roc_auc": 0.9977837106389205, "without_hardship_roc_auc": 0.9977983396116008, "delta_roc_auc": -1.462897268034169e-05, "with_hardship_f1": 0.9509043927648578, "without_hardship_f1": 0.9316455696202531, "delta_f1": 0.019258823144604698}, {"model": "random_forest", "with_hardship_roc_auc": 0.9971180923819625, "without_hardship_roc_auc": 0.9977544526935596, "delta_roc_auc": -0.000636360311597084, "with_hardship_f1": 0.9195979899497487, "without_hardship_f1": 0.9454545454545454, "delta_f1": -0.025856555504796708}, {"model": "xgboost", "with_hardship_roc_auc": 0.9977398237208792, "without_hardship_roc_auc": 0.9977105657755184, "delta_roc_auc": 2.9257945360794402e-05, "with_hardship_f1": 0.9479166666666666, "without_hardship_f1": 0.9479166666666666, "delta_f1": 0.0}]}